impact_id,system_id,rule_ref,state,evidence_ids,reason,owner,proposed_action,proposed_due_date,approval_status
IMP-AI-001-AUTHORITY,AI-001,POL-AUTHORITY,unresolved,POL-AUTHORITY;FACT-AI-001;BLOCK-OJ;BLOCK-AMEND;BLOCK-CONSOLIDATED,"Statutory applicability, actor duties, exceptions and timing are withheld because required original legislation and amendment were not retrieved. POL-AUTHORITY identifies the internal human-review gate, not a reconstructed statutory paragraph. This row does not assess or certify any Article 50 paragraph.",Learner Operations,,,pending
IMP-AI-001-NOTICE,AI-001,POL-NOTICE,supported-no-impact,POL-NOTICE;FACT-AI-001;REC-001;GAP-PROOF,Register reports a notice and REC-001 reports agreement between screenshot and release. No extra internal-policy notice remediation is supported on these reports; actual proof and accessibility remain unverified. This is not a statutory no-impact finding.,Learner Operations,,,pending
IMP-AI-002-AUTHORITY,AI-002,POL-AUTHORITY,unresolved,POL-AUTHORITY;FACT-AI-002;BLOCK-OJ;BLOCK-AMEND;BLOCK-CONSOLIDATED,"Statutory applicability, actor duties, exceptions and timing are withheld because required original legislation and amendment were not retrieved. POL-AUTHORITY identifies the internal human-review gate, not a reconstructed statutory paragraph. This row does not assess or certify any Article 50 paragraph.",Admissions,,,pending
IMP-AI-002-DRAFT,AI-002,POL-DRAFT,unresolved,POL-DRAFT;FACT-AI-002;REC-002;GAP-002;SRC-CALENDAR-01,"Owner reports private staff drafts and individually edited emails, while REC-002 lacks recipient disclosure evidence. Confirm the actual output flow under internal policy without inferring a statutory breach or exemption.",Admissions,ACT-003: Confirm recipient disclosure practice,2026-09-08,pending
IMP-AI-003-AUTHORITY,AI-003,POL-AUTHORITY,unresolved,POL-AUTHORITY;FACT-AI-003;BLOCK-OJ;BLOCK-AMEND;BLOCK-CONSOLIDATED,"Statutory applicability, actor duties, exceptions and timing are withheld because required original legislation and amendment were not retrieved. POL-AUTHORITY identifies the internal human-review gate, not a reconstructed statutory paragraph. This row does not assess or certify any Article 50 paragraph.",Communications,,,pending
IMP-AI-003-SYNTHETIC,AI-003,POL-SYNTHETIC,conflicting,POL-SYNTHETIC;FACT-AI-003;REC-003;CONFLICT-003;SRC-CALENDAR-01,Register complete/visible-label status and REC-003 possible metadata loss conflict. August policy supports checking final published-copy provenance; the fictional image description does not resolve that evidence.,Communications,ACT-004: Verify machine-readable provenance after publishing,2026-09-10,pending
IMP-AI-004-AUTHORITY,AI-004,POL-AUTHORITY,unresolved,POL-AUTHORITY;FACT-AI-004;BLOCK-OJ;BLOCK-AMEND;BLOCK-CONSOLIDATED,"Statutory applicability, actor duties, exceptions and timing are withheld because required original legislation and amendment were not retrieved. POL-AUTHORITY identifies the internal human-review gate, not a reconstructed statutory paragraph. This row does not assess or certify any Article 50 paragraph.",Learning Experience,,,pending
IMP-AI-004-NOTICE,AI-004,POL-NOTICE,supported-impact,POL-NOTICE;FACT-AI-004;REC-004;GAP-004;SRC-CALENDAR-01,Register and REC-004 report direct spoken interaction without first-interaction notice. Internal policy supports proposed notice remediation; no contextual exception is evidenced. Operations activation and incident closure remain pending.,Learning Experience,ACT-001: Add and verify first-interaction AI notice,2026-09-04,pending
IMP-AI-005-AUTHORITY,AI-005,POL-AUTHORITY,unresolved,POL-AUTHORITY;FACT-AI-005;BLOCK-OJ;BLOCK-AMEND;BLOCK-CONSOLIDATED,"Statutory applicability, actor duties, exceptions and timing are withheld because required original legislation and amendment were not retrieved. POL-AUTHORITY identifies the internal human-review gate, not a reconstructed statutory paragraph. This row does not assess or certify any Article 50 paragraph.",Assessment Operations,,,pending
IMP-AI-005-EVIDENCE,AI-005,POL-EVIDENCE,supported-impact,POL-EVIDENCE;FACT-AI-005;REC-005;REC-006;GAP-005;SRC-CALENDAR-01,Stale current-role evidence and missing technical/release facts support an internal-policy evidence refresh. Human adjudication does not settle biometric functionality or provider facts; statutory applicability stays withheld.,Assessment Operations,ACT-005: Refresh provider-role and release evidence,2026-09-12,pending
IMP-AI-006-AUTHORITY,AI-006,POL-AUTHORITY,unresolved,POL-AUTHORITY;FACT-AI-006;BLOCK-OJ;BLOCK-AMEND;BLOCK-CONSOLIDATED,"Statutory applicability, actor duties, exceptions and timing are withheld because required original legislation and amendment were not retrieved. POL-AUTHORITY identifies the internal human-review gate, not a reconstructed statutory paragraph. This row does not assess or certify any Article 50 paragraph.",People Operations,,,pending
IMP-AI-007-AUTHORITY,AI-007,POL-AUTHORITY,unresolved,POL-AUTHORITY;FACT-AI-007;BLOCK-OJ;BLOCK-AMEND;BLOCK-CONSOLIDATED,"Statutory applicability, actor duties, exceptions and timing are withheld because required original legislation and amendment were not retrieved. POL-AUTHORITY identifies the internal human-review gate, not a reconstructed statutory paragraph. This row does not assess or certify any Article 50 paragraph.",Marketing,,,pending
IMP-AI-007-NOTICE,AI-007,POL-NOTICE,conflicting,POL-NOTICE;FACT-AI-007;REC-008;CONFLICT-007;SRC-CALENDAR-01,Register/capture says no notice while the owner reports a banner. A fictional graphic alone does not establish that visitors understand the conversation. Verify first-interaction evidence and retain both reports.,Marketing,ACT-002: Resolve disclosure evidence conflict,2026-09-03,pending
IMP-AI-008-AUTHORITY,AI-008,POL-AUTHORITY,unresolved,POL-AUTHORITY;FACT-AI-008;BLOCK-OJ;BLOCK-AMEND;BLOCK-CONSOLIDATED,"Statutory applicability, actor duties, exceptions and timing are withheld because required original legislation and amendment were not retrieved. POL-AUTHORITY identifies the internal human-review gate, not a reconstructed statutory paragraph. This row does not assess or certify any Article 50 paragraph.",Communications,,,pending
IMP-AI-008-SYNTHETIC,AI-008,POL-SYNTHETIC,unresolved,POL-SYNTHETIC;FACT-AI-008;REC-009;GAP-008-PROVENANCE;SRC-CALENDAR-01,"Visible label is reported, but surviving machine-readable provenance and tool support are untested. Proposed testing follows August policy and does not decide any statutory grace period.",Communications,ACT-006: Complete provenance test,2026-09-09,pending
IMP-AI-008-EXCEPTION,AI-008,POL-EXCEPTION,unresolved,POL-EXCEPTION;FACT-AI-008;REC-010;GAP-008-EXCEPTION;SRC-CALENDAR-01,REC-010 has no recorded Legal approval or expiry. Review may gather the missing exception facts; the generated request grants no exception and cannot waive policy.,Communications,ACT-007: Review exception request,2026-09-15,pending
